{
  "GET /books" : {
    "transaction" : "GET /books",
    "sampleCount" : 1000,
    "errorCount" : 1,
    "errorPct" : 0.1,
    "meanResTime" : 24098.117000000024,
    "medianResTime" : 22732.0,
    "minResTime" : 2004.0,
    "maxResTime" : 59691.0,
    "pct1ResTime" : 46359.4,
    "pct2ResTime" : 47910.0,
    "pct3ResTime" : 52758.8,
    "throughput" : 11.27713560755568,
    "receivedKBytesPerSec" : 53.87858577671272,
    "sentKBytesPerSec" : 2.0814244431914295
  },
  "POST /authors" : {
    "transaction" : "POST /authors",
    "sampleCount" : 1000,
    "errorCount" : 0,
    "errorPct" : 0.0,
    "meanResTime" : 5191.188,
    "medianResTime" : 6035.5,
    "minResTime" : 25.0,
    "maxResTime" : 9860.0,
    "pct1ResTime" : 7954.0,
    "pct2ResTime" : 8329.9,
    "pct3ResTime" : 8636.98,
    "throughput" : 55.07214450930719,
    "receivedKBytesPerSec" : 16.24198011895583,
    "sentKBytesPerSec" : 17.96298463487168
  },
  "POST /orders/bulk-async" : {
    "transaction" : "POST /orders/bulk-async",
    "sampleCount" : 1000,
    "errorCount" : 0,
    "errorPct" : 0.0,
    "meanResTime" : 2626.049999999999,
    "medianResTime" : 214.5,
    "minResTime" : 0.0,
    "maxResTime" : 39646.0,
    "pct1ResTime" : 6034.799999999992,
    "pct2ResTime" : 21671.54999999996,
    "pct3ResTime" : 38501.26,
    "throughput" : 14.563672375626238,
    "receivedKBytesPerSec" : 4.108633845610509,
    "sentKBytesPerSec" : 4.736037989339391
  },
  "POST /clients" : {
    "transaction" : "POST /clients",
    "sampleCount" : 1000,
    "errorCount" : 0,
    "errorPct" : 0.0,
    "meanResTime" : 4505.242000000004,
    "medianResTime" : 4912.5,
    "minResTime" : 20.0,
    "maxResTime" : 9349.0,
    "pct1ResTime" : 6887.4,
    "pct2ResTime" : 7377.499999999999,
    "pct3ResTime" : 8265.720000000001,
    "throughput" : 41.3992962119644,
    "receivedKBytesPerSec" : 8.166658041813289,
    "sentKBytesPerSec" : 10.754114055061063
  },
  "GET /orders/bulk-async/tasks" : {
    "transaction" : "GET /orders/bulk-async/tasks",
    "sampleCount" : 1000,
    "errorCount" : 0,
    "errorPct" : 0.0,
    "meanResTime" : 264.76400000000024,
    "medianResTime" : 147.0,
    "minResTime" : 3.0,
    "maxResTime" : 13957.0,
    "pct1ResTime" : 347.0,
    "pct2ResTime" : 389.94999999999993,
    "pct3ResTime" : 4372.040000000004,
    "throughput" : 61.30080304051983,
    "receivedKBytesPerSec" : 7988.123029274965,
    "sentKBytesPerSec" : 11.49390057009747
  },
  "POST /orders" : {
    "transaction" : "POST /orders",
    "sampleCount" : 1000,
    "errorCount" : 0,
    "errorPct" : 0.0,
    "meanResTime" : 7327.295000000007,
    "medianResTime" : 3426.5,
    "minResTime" : 270.0,
    "maxResTime" : 52185.0,
    "pct1ResTime" : 21545.799999999992,
    "pct2ResTime" : 35742.6,
    "pct3ResTime" : 45646.9,
    "throughput" : 12.048628263672182,
    "receivedKBytesPerSec" : 4.177061746207694,
    "sentKBytesPerSec" : 3.0239233044567877
  },
  "GET /orders/bulk-async/{taskId}" : {
    "transaction" : "GET /orders/bulk-async/{taskId}",
    "sampleCount" : 1000,
    "errorCount" : 0,
    "errorPct" : 0.0,
    "meanResTime" : 1090.8500000000006,
    "medianResTime" : 143.0,
    "minResTime" : 0.0,
    "maxResTime" : 39466.0,
    "pct1ResTime" : 397.0,
    "pct2ResTime" : 2599.8999999999996,
    "pct3ResTime" : 33387.83000000001,
    "throughput" : 17.928536852107502,
    "receivedKBytesPerSec" : 5.080394080445345,
    "sentKBytesPerSec" : 3.9043590996288793
  },
  "POST /books" : {
    "transaction" : "POST /books",
    "sampleCount" : 1000,
    "errorCount" : 0,
    "errorPct" : 0.0,
    "meanResTime" : 6413.385999999996,
    "medianResTime" : 5177.0,
    "minResTime" : 94.0,
    "maxResTime" : 34121.0,
    "pct1ResTime" : 11420.7,
    "pct2ResTime" : 17258.8,
    "pct3ResTime" : 27311.73,
    "throughput" : 17.389489792369492,
    "receivedKBytesPerSec" : 8.049431798421034,
    "sentKBytesPerSec" : 5.519125178242271
  },
  "GET /orders/{id}" : {
    "transaction" : "GET /orders/{id}",
    "sampleCount" : 1000,
    "errorCount" : 1,
    "errorPct" : 0.1,
    "meanResTime" : 4811.309999999996,
    "medianResTime" : 494.0,
    "minResTime" : 252.0,
    "maxResTime" : 55623.0,
    "pct1ResTime" : 17113.299999999992,
    "pct2ResTime" : 36546.149999999994,
    "pct3ResTime" : 45356.4,
    "throughput" : 13.070186903672722,
    "receivedKBytesPerSec" : 4.52989192589204,
    "sentKBytesPerSec" : 2.297544847078813
  },
  "GET /books/{id}" : {
    "transaction" : "GET /books/{id}",
    "sampleCount" : 1000,
    "errorCount" : 0,
    "errorPct" : 0.0,
    "meanResTime" : 23317.16900000004,
    "medianResTime" : 22865.5,
    "minResTime" : 428.0,
    "maxResTime" : 55261.0,
    "pct1ResTime" : 45172.3,
    "pct2ResTime" : 46061.65,
    "pct3ResTime" : 51675.45,
    "throughput" : 11.484484461492524,
    "receivedKBytesPerSec" : 5.316060190183062,
    "sentKBytesPerSec" : 2.018757034246733
  },
  "POST /orders/bulk" : {
    "transaction" : "POST /orders/bulk",
    "sampleCount" : 1000,
    "errorCount" : 0,
    "errorPct" : 0.0,
    "meanResTime" : 5532.875000000004,
    "medianResTime" : 481.0,
    "minResTime" : 12.0,
    "maxResTime" : 56576.0,
    "pct1ResTime" : 25053.299999999996,
    "pct2ResTime" : 41903.49999999996,
    "pct3ResTime" : 49594.430000000015,
    "throughput" : 13.77258704275011,
    "receivedKBytesPerSec" : 7.680880335155905,
    "sentKBytesPerSec" : 4.398081995096959
  },
  "Total" : {
    "transaction" : "Total",
    "sampleCount" : 12000,
    "errorCount" : 2,
    "errorPct" : 0.016666668,
    "meanResTime" : 7380.231083333334,
    "medianResTime" : 3654.5,
    "minResTime" : 0.0,
    "maxResTime" : 59691.0,
    "pct1ResTime" : 26131.999999999996,
    "pct2ResTime" : 39473.59999999999,
    "pct3ResTime" : 46878.85,
    "throughput" : 131.2436428860477,
    "receivedKBytesPerSec" : 1515.0382806775178,
    "sentKBytesPerSec" : 32.54393756903962
  },
  "POST /publishers" : {
    "transaction" : "POST /publishers",
    "sampleCount" : 1000,
    "errorCount" : 0,
    "errorPct" : 0.0,
    "meanResTime" : 3384.527000000002,
    "medianResTime" : 3894.5,
    "minResTime" : 12.0,
    "maxResTime" : 9100.0,
    "pct1ResTime" : 5297.9,
    "pct2ResTime" : 5995.7,
    "pct3ResTime" : 7314.0,
    "throughput" : 76.40586797066015,
    "receivedKBytesPerSec" : 15.445326826100246,
    "sentKBytesPerSec" : 17.98224041106357
  }
}