{
  "GET /books" : {
    "transaction" : "GET /books",
    "sampleCount" : 1000,
    "errorCount" : 1,
    "errorPct" : 0.1,
    "meanResTime" : 30176.71,
    "medianResTime" : 34179.0,
    "minResTime" : 1356.0,
    "maxResTime" : 57581.0,
    "pct1ResTime" : 44659.59999999999,
    "pct2ResTime" : 49506.09999999999,
    "pct3ResTime" : 52457.93,
    "throughput" : 8.122619057288833,
    "receivedKBytesPerSec" : 38.807303808289944,
    "sentKBytesPerSec" : 1.4991943377222552
  },
  "POST /authors" : {
    "transaction" : "POST /authors",
    "sampleCount" : 1000,
    "errorCount" : 0,
    "errorPct" : 0.0,
    "meanResTime" : 2887.236,
    "medianResTime" : 2592.5,
    "minResTime" : 19.0,
    "maxResTime" : 6386.0,
    "pct1ResTime" : 4598.199999999999,
    "pct2ResTime" : 5062.849999999999,
    "pct3ResTime" : 5711.0,
    "throughput" : 60.08532115604158,
    "receivedKBytesPerSec" : 17.72047557531695,
    "sentKBytesPerSec" : 19.59814186144325
  },
  "POST /orders/bulk-async" : {
    "transaction" : "POST /orders/bulk-async",
    "sampleCount" : 1000,
    "errorCount" : 0,
    "errorPct" : 0.0,
    "meanResTime" : 2604.2979999999984,
    "medianResTime" : 351.0,
    "minResTime" : 0.0,
    "maxResTime" : 36067.0,
    "pct1ResTime" : 654.8,
    "pct2ResTime" : 29941.99999999998,
    "pct3ResTime" : 34076.100000000006,
    "throughput" : 8.980530210503629,
    "receivedKBytesPerSec" : 2.533491764853797,
    "sentKBytesPerSec" : 2.920426328220418
  },
  "POST /clients" : {
    "transaction" : "POST /clients",
    "sampleCount" : 1000,
    "errorCount" : 0,
    "errorPct" : 0.0,
    "meanResTime" : 4967.717999999997,
    "medianResTime" : 2965.0,
    "minResTime" : 9.0,
    "maxResTime" : 31550.0,
    "pct1ResTime" : 11049.3,
    "pct2ResTime" : 16507.8,
    "pct3ResTime" : 29055.950000000004,
    "throughput" : 21.42015636714148,
    "receivedKBytesPerSec" : 4.225460533361893,
    "sentKBytesPerSec" : 5.564220306308235
  },
  "GET /orders/bulk-async/tasks" : {
    "transaction" : "GET /orders/bulk-async/tasks",
    "sampleCount" : 1000,
    "errorCount" : 0,
    "errorPct" : 0.0,
    "meanResTime" : 1409.7990000000032,
    "medianResTime" : 142.5,
    "minResTime" : 2.0,
    "maxResTime" : 36068.0,
    "pct1ResTime" : 394.0,
    "pct2ResTime" : 3044.8999999999996,
    "pct3ResTime" : 33662.340000000004,
    "throughput" : 12.16826273712902,
    "receivedKBytesPerSec" : 1602.1799205032185,
    "sentKBytesPerSec" : 2.281549263211691
  },
  "POST /orders" : {
    "transaction" : "POST /orders",
    "sampleCount" : 1000,
    "errorCount" : 0,
    "errorPct" : 0.0,
    "meanResTime" : 17250.67700000001,
    "medianResTime" : 9587.5,
    "minResTime" : 471.0,
    "maxResTime" : 61258.0,
    "pct1ResTime" : 42124.299999999996,
    "pct2ResTime" : 44027.8,
    "pct3ResTime" : 50939.46000000001,
    "throughput" : 8.271982794275788,
    "receivedKBytesPerSec" : 2.8758065183224417,
    "sentKBytesPerSec" : 2.076073806766482
  },
  "GET /orders/bulk-async/{taskId}" : {
    "transaction" : "GET /orders/bulk-async/{taskId}",
    "sampleCount" : 1000,
    "errorCount" : 0,
    "errorPct" : 0.0,
    "meanResTime" : 2154.4539999999924,
    "medianResTime" : 224.5,
    "minResTime" : 0.0,
    "maxResTime" : 36069.0,
    "pct1ResTime" : 472.0,
    "pct2ResTime" : 25253.89999999994,
    "pct3ResTime" : 33444.72,
    "throughput" : 9.38297552919982,
    "receivedKBytesPerSec" : 2.668411948984762,
    "sentKBytesPerSec" : 2.0433628349722266
  },
  "POST /books" : {
    "transaction" : "POST /books",
    "sampleCount" : 1000,
    "errorCount" : 0,
    "errorPct" : 0.0,
    "meanResTime" : 16501.08500000002,
    "medianResTime" : 9463.0,
    "minResTime" : 43.0,
    "maxResTime" : 57668.0,
    "pct1ResTime" : 39618.7,
    "pct2ResTime" : 40924.7,
    "pct3ResTime" : 48608.92,
    "throughput" : 10.439285117755137,
    "receivedKBytesPerSec" : 4.8322472127108735,
    "sentKBytesPerSec" : 3.313249671162519
  },
  "GET /orders/{id}" : {
    "transaction" : "GET /orders/{id}",
    "sampleCount" : 1000,
    "errorCount" : 0,
    "errorPct" : 0.0,
    "meanResTime" : 5852.172000000008,
    "medianResTime" : 945.0,
    "minResTime" : 27.0,
    "maxResTime" : 48241.0,
    "pct1ResTime" : 21497.499999999996,
    "pct2ResTime" : 32483.44999999997,
    "pct3ResTime" : 41976.94,
    "throughput" : 8.434619050430587,
    "receivedKBytesPerSec" : 2.932348029251259,
    "sentKBytesPerSec" : 1.4908848126249379
  },
  "GET /books/{id}" : {
    "transaction" : "GET /books/{id}",
    "sampleCount" : 1000,
    "errorCount" : 0,
    "errorPct" : 0.0,
    "meanResTime" : 29344.39499999999,
    "medianResTime" : 33022.0,
    "minResTime" : 484.0,
    "maxResTime" : 55864.0,
    "pct1ResTime" : 43735.0,
    "pct2ResTime" : 48226.19999999998,
    "pct3ResTime" : 51067.71,
    "throughput" : 8.153614089445146,
    "receivedKBytesPerSec" : 3.77423152187207,
    "sentKBytesPerSec" : 1.4332524766602797
  },
  "POST /orders/bulk" : {
    "transaction" : "POST /orders/bulk",
    "sampleCount" : 1000,
    "errorCount" : 0,
    "errorPct" : 0.0,
    "meanResTime" : 3333.3150000000087,
    "medianResTime" : 716.0,
    "minResTime" : 12.0,
    "maxResTime" : 49120.0,
    "pct1ResTime" : 4193.299999999993,
    "pct2ResTime" : 29015.299999999934,
    "pct3ResTime" : 42062.4,
    "throughput" : 8.809563662311806,
    "receivedKBytesPerSec" : 4.920967201994485,
    "sentKBytesPerSec" : 2.8132102710702735
  },
  "Total" : {
    "transaction" : "Total",
    "sampleCount" : 12000,
    "errorCount" : 1,
    "errorPct" : 0.008333334,
    "meanResTime" : 9992.254999999981,
    "medianResTime" : 2488.0,
    "minResTime" : 0.0,
    "maxResTime" : 61258.0,
    "pct1ResTime" : 38948.0,
    "pct2ResTime" : 41640.95,
    "pct3ResTime" : 49024.0,
    "throughput" : 95.34630572792932,
    "receivedKBytesPerSec" : 1111.4753500003974,
    "sentKBytesPerSec" : 23.650353178607467
  },
  "POST /publishers" : {
    "transaction" : "POST /publishers",
    "sampleCount" : 1000,
    "errorCount" : 0,
    "errorPct" : 0.0,
    "meanResTime" : 3425.201000000001,
    "medianResTime" : 3632.5,
    "minResTime" : 11.0,
    "maxResTime" : 7225.0,
    "pct1ResTime" : 4944.9,
    "pct2ResTime" : 5204.699999999997,
    "pct3ResTime" : 6024.63,
    "throughput" : 75.79777154551657,
    "receivedKBytesPerSec" : 15.322401083908133,
    "sentKBytesPerSec" : 17.839123967255365
  }
}